{
"nm_range": [380, 780],
"nm_interval" :5,
"lambda_values": [0.0114073, 0.00985631, 0.0072386, 0.00728911, 0.01057201, 0.01290828,
    0.01089283, 0.00820896, 0.00928692, 0.01575225, 0.03204091, 0.04716717, 0.04427407, 
    0.03362948, 0.03129305, 0.0341507, 0.03702938, 0.0393975, 0.04113271, 0.0425808, 
    0.04451207, 0.04628982, 0.04587397, 0.04293254, 0.03907673, 0.03530976, 0.03190796, 
    0.02873687, 0.02581335, 0.02336659, 0.02249494, 0.02874496, 0.04532121, 0.05484243, 
    0.04516013, 0.02744621, 0.0213983, 0.02104433, 0.02324293, 0.02704061, 0.02970082, 
    0.02967269, 0.02855473, 0.02819227, 0.02867136, 0.03075241, 0.03364546, 0.03476707,
    0.03369897, 0.03211911, 0.03017166, 0.02761547, 0.02518627, 0.02336014, 0.02189655,
    0.02034273, 0.01835747, 0.01599688, 0.01375351, 0.01198202, 0.01058324, 0.0093942, 
    0.00819748, 0.00698151, 0.00614299, 0.00563017, 0.00501737, 0.00425217, 0.00352747, 
    0.00306196, 0.00279519, 0.00244556, 0.00205841, 0.00189265, 0.00200176, 0.00212645, 
    0.00203685, 0.00170677, 0.00143012, 0.00107608, 0.00085404]
}