{
"2 observer": {
 
"Metadata": "CIE 015:2018. Annex B. Table B1. RGB Colour-matching functions for the CIE 1931 standard colorimetric observer (pg.85-86)",

"lambda_nm_interval": 5, 

"lambda_nm_range": [380, 780], 

"r_cmf": [0.00003, 0.00005, 0.0001, 0.00017, 0.0003, 0.00047, 0.00084, 0.00139, 0.00211, 0.00266, 0.00218, 0.00036,
-0.00261, -0.00673, -0.01213, -0.01874, -0.02608, -0.03324, -0.03933, -0.04471, -0.04939, -0.05364, -0.05814,
-0.06414, -0.07173, -0.0812, -0.08901, -0.09356, -0.09264, -0.08473, -0.07101, -0.05316, -0.03152, -0.00613,
0.02279, 0.05514, 0.0906, 0.1284, 0.16768, 0.20715, 0.24526, 0.27989, 0.30928, 0.33184, 0.34429, 0.34756, 0.33971,
0.32265, 0.29708, 0.26348, 0.22677, 0.19233, 0.15968, 0.12905, 0.10167, 0.07857, 0.05932, 0.04366, 0.03149, 0.02294,
0.01687, 0.01187, 0.00819, 0.00572, 0.0041, 0.00291, 0.0021, 0.00148, 0.00105, 0.00074, 0.00052, 0.00036, 0.00025,
0.00017, 0.00012, 0.00008, 0.00006, 0.00004, 0.00003, 0.00001, 0],

"g_cmf": [-0.00001, -0.00002, -0.00004, -0.00007, -0.00014, -0.00022, -0.00041, -0.0007, -0.0011, -0.00143, -0.00119,
-0.00021, 0.00149, 0.00379, 0.00678, 0.01046, 0.01485, 0.01977, 0.02538, 0.03183, 0.03914, 0.04713, 0.05689, 0.06948,
0.08536, 0.10593, 0.1286, 0.15262, 0.17468, 0.19113, 0.20317, 0.21083, 0.21466, 0.21487, 0.21178, 0.20588, 0.19702,
0.18522, 0.17087, 0.15429, 0.1361, 0.11686, 0.09754, 0.07909, 0.06246, 0.04776, 0.03557, 0.02583, 0.01828, 0.01253,
0.00833, 0.00537, 0.00334, 0.00199, 0.00116, 0.00066, 0.00037, 0.00021, 0.00011, 0.00006, 0.00003, 0.00001, 0, 0, 0,
0, 0, 0, 0, 0, 0, 0, 0, 0, 0, 0, 0, 0, 0, 0, 0],

"b_cmf": [0.00117, 0.00189, 0.00359, 0.00647, 0.01214, 0.01969, 0.03707, 0.06637, 0.11541, 0.18575, 0.24769, 0.29012,
0.31228, 0.3186, 0.3167, 0.31166, 0.29821, 0.27295, 0.22991, 0.18592, 0.14494, 0.10968, 0.08257, 0.06246, 0.04776, 0.03688,
0.02698, 0.01842, 0.01221, 0.0083, 0.00549, 0.0032, 0.00146, 0.00023, -0.00058, -0.00105, -0.0013, -0.00138, -0.00135,
-0.00123, -0.00108, -0.00093, -0.00079, -0.00063, -0.00049, -0.00038, -0.0003, -0.00022, -0.00015, -0.00011, -0.00008,
-0.00005, -0.00003, -0.00002, -0.00001, -0.00001, 0, 0, 0, 0, 0, 0, 0, 0, 0, 0, 0, 0, 0, 0, 0, 0, 0, 0, 0, 0, 0, 0, 0, 0, 0],

"r": [0.0272, 0.0268, 0.0263, 0.0256, 0.0247, 0.0237, 0.0225, 0.0207, 0.0181, 0.0142, 0.0088, 0.0012,  -0.0084,
-0.0213, -0.039, -0.0618, -0.0909, -0.1281, -0.1821, -0.2584, -0.3667, -0.52, -0.715, -0.9459, -1.1685, -1.3182, 
-1.3371, -1.2076, -0.983, -0.7386, -0.5159, -0.3304, -0.1707, -0.0293, 0.0974, 0.2121, 0.3164, 0.4112, 0.4973,
0.5751, 0.6449, 0.7071, 0.7617, 0.8087, 0.8475, 0.88, 0.9059, 0.9265, 0.9425, 0.955, 0.9649, 0.973, 0.9797, 0.985, 0.9888,
0.9918, 0.994, 0.9954, 0.9966, 0.9975, 0.9984, 0.9991, 0.9996, 0.9999, 1, 1, 1, 1, 1, 1, 1, 1, 1, 1, 1, 1, 1, 1, 1,
1, 1],

"g": [-0.0115, -0.0114, -0.0114, -0.0113, -0.0112, -0.0111, -0.0109, -0.0104, -0.0094, -0.0076, -0.0048, -0.0007, 
0.0048, 0.012, 0.0218, 0.0345, 0.0517, 0.0762, 0.1175, 0.184, 0.2906, 0.4568, 0.6996, 1.0247, 1.3905, 1.7195,
1.9318, 1.9699, 1.8534, 1.6662, 1.4761, 1.3105, 1.1628, 1.0282, 0.9051, 0.7919, 0.6881, 0.5932, 0.5067, 0.4283, 0.3579, 
0.2952, 0.2402, 0.1928, 0.1537, 0.1209, 0.0949, 0.0741, 0.058, 0.0454, 0.0354, 0.0272, 0.0205, 0.0152, 0.0113, 0.0083,
0.0061, 0.0047, 0.0035, 0.0025, 0.0016, 0.0009, 0.0004, 0.0001, 0, 0, 0.0006, 0, 0, 0, 0, 0, 0, 0, 0, 0, 0, 0, 0, 0, 0],

"b": [0.9843, 0.9846, 0.9851, 0.9857, 0.9865, 0.9874, 0.9884, 0.9897, 0.9913, 0.9934, 0.996, 0.9995, 1.0036, 1.0093, 
1.0172, 1.0273, 1.0392, 1.0519, 1.0646, 1.0744, 1.0761, 1.0632, 1.0154, 0.9212, 0.778, 0.5987, 0.4053, 0.2377, 0.1296,
0.0724, 0.0398, 0.0199, 0.0079, 0.0011, -0.0025, -0.004, -0.0045, -0.0044, -0.004, -0.0034, -0.0028, -0.0023, -0.0019,
-0.0015, -0.0012, -0.0009, -0.0008, -0.0006, -0.0005, -0.0004, -0.0003, -0.0002, -0.0002, -0.0002, -0.0001, -0.0001,
-0.0001, -0.0001, -0.0001, 0, 0, 0, 0, 0, 0, 0, 0, 0, 0, 0, 0, 0, 0, 0, 0, 0, 0, 0, 0, 0, 0]},

"10 observer": {

"Metadata": "CIE 015:2018. Annex B. Table B1. RGB Colour-matching functions for the CIE 1931 standard colorimetric observer (pg.87-88)",

"lambda_nm_interval": 5, 

"lambda_nm_range": [390, 700],

"units": " v / (1/cm)",

"r_cmf": [0.000000079100, 0.000000298910, 0.000001083480, 0.000003752200, 0.000012377600, 0.000038728000, 0.000114541000,
0.000319050000, 0.000832160000, 0.002016850000, 0.004523300000, 0.009328300000, 0.017611600000, 0.030120000000, 0.045571000000,
0.060154000000, 0.071261000000, 0.074212000000, 0.068535000000, 0.055848000000, 0.033049000000, 0.000000000000, -0.041570000000,
-0.088073000000, -0.143959000000, -0.207995000000, -0.285499000000, -0.346240000000, -0.388289000000, -0.426587000000,
-0.435789000000, -0.438549000000, -0.404927000000, -0.333995000000, -0.201889000000, 0.000000000000, 0.255754000000,
0.556022000000, 0.904637000000, 1.314803000000, 1.770322000000, 2.236809000000, 2.641981000000, 3.002291000000,
3.159249000000, 3.064234000000, 2.717232000000, 2.191156000000, 1.566864000000, 1.000000000000, 0.575756000000,
0.296964000000, 0.138738000000, 0.060220900000, 0.024772400000, 0.009763190000, 0.003753280000, 0.001419080000,
0.000533169000, 0.000199730000, 0.000074352200, 0.000027650600, 0.000010212300],

"g_cmf": [-0.000000021447, -0.000000081250, -0.000000295330, -0.000001027100, -0.000003405700, -0.000010728000,
-0.000032004000, -0.000090060000, -0.000238070000, -0.000588130000, -0.001351900000, -0.002877000000, -0.005620000000,
-0.010015000000, -0.016044000000, -0.022951000000, -0.029362000000, -0.032793000000, -0.032357000000, -0.027996000000,
-0.017332000000, 0.000000000000, 0.024936000000, 0.057100000000, 0.099886000000, 0.150955000000, 0.218942000000,
0.287846000000, 0.357723000000, 0.435138000000, 0.513218000000, 0.614637000000, 0.720251000000, 0.830003000000,
0.933227000000, 1.000000000000, 1.042957000000, 1.061343000000, 1.031339000000, 0.976838000000, 0.887915000000, 
0.758780000000, 0.603012000000, 0.452300000000, 0.306869000000, 0.184057000000, 0.094471000000, 0.041693000000,
0.013407000000, 0.000000000000, -0.002747000000, -0.002029000000, -0.001116000000, -0.000513000000, -0.000215200000,
-0.000082770000, -0.000030120000, -0.000010510000, -0.000003543000, -0.000001144000, -0.000000347200, -0.000000096100,
-0.000000022000],

"b_cmf": [0.000000307299, 0.000001164750, 0.000004237330, 0.000014750600, 0.000048982200, 0.000154553000, 0.000462055000,
0.001303500000, 0.003457020000, 0.008577600000, 0.019831500000, 0.042505700000, 0.084040200000, 0.152451000000, 0.251453000000,
0.374271000000, 0.514950000000, 0.648306000000, 0.770262000000, 0.883628000000, 0.965742000000, 1.000000000000, 0.987224000000,
0.942474000000, 0.863537000000, 0.762081000000, 0.630116000000, 0.469818000000, 0.333077000000, 0.227060000000, 0.151027000000,
0.095840000000, 0.057654000000, 0.029877000000, 0.012874000000, 0.000000000000, -0.008854000000, -0.014341000000, -0.017422000000,
-0.018644000000, -0.017838000000, -0.014812000000, -0.011771000000, -0.008829000000, -0.005990000000, -0.003593000000,
-0.001844000000, -0.000815000000, -0.000262000000, 0.000000000000, 0.000054000000, 0.000040000000, 0.000022000000,
0.000010000000, 0.000004200000, 0.000001620000, 0.000000590000, 0.000000210000, 0.000000069000, 0.000000022000,
0.000000006800, 0.000000001900, 0.000000000400],

"r": [0.21674, 0.21622, 0.21560, 0.21471, 0.21358, 0.21215, 0.21032, 0.20819, 0.20542, 0.20155, 0.19664, 0.19054,
0.18339, 0.17455, 0.16219, 0.14619, 0.12797, 0.10760, 0.08498, 0.06127, 0.03367, 0.00000, -0.04283, -0.09662,
-0.17567, -0.29501, -0.50660, -0.84156, -1.28355, -1.81056, -1.90754, -1.61274, -1.08566, -0.63511, -0.27128,
0.00000, 0.19828, 0.34686, 0.47152, 0.57844, 0.67035, 0.75041, 0.81714, 0.87130, 0.91304, 0.94438, 0.96704,
0.98169, 0.99168, 1.00000, 1.00470, 1.00674, 1.00795, 1.00842, 1.00859, 1.00838, 1.00793, 1.00731, 1.00656,
1.00565, 1.00460, 1.00342, 1.00212],