{
"2 observer": {
 
"Metadata": "CIE 015:2018. 11.1. Table 1. Colour-matching functions of the CIE 1931 standard colorimetric observer (pg.43-44)",

"lambda_nm_interval": 5, 

"lambda_nm_range": [380, 780], 

"x_cmf": [0.001368, 0.002236, 0.004243, 0.00765, 0.01431, 0.02319, 0.04351, 0.07763, 0.13438, 0.21477, 0.2839, 0.3285, 0.34828, 
0.34806, 0.3362, 0.3187, 0.2908, 0.2511, 0.19536, 0.1421, 0.09564, 0.05795, 0.03201, 0.0147, 0.0049, 0.0024, 0.0093, 0.0291, 0.06327, 
0.1096, 0.1655, 0.22575, 0.2904, 0.3597, 0.43345, 0.51205, 0.5945, 0.6784, 0.7621, 0.8425, 0.9163, 0.9786, 1.0263, 1.0567, 1.0622, 
1.0456, 1.0026, 0.9384, 0.85445, 0.7514, 0.6424, 0.5419, 0.4479, 0.3608, 0.2835, 0.2187, 0.1649, 0.1212, 0.0874, 0.0636, 0.04677, 
0.0329, 0.0227, 0.01584, 0.011359, 0.008111, 0.00579, 0.004109, 0.002899, 0.002049, 0.00144, 0.001, 0.00069, 0.000476, 0.000332, 
0.000235, 0.000166, 0.000117, 0.000083, 0.000059, 0.000042],

"y_cmf": [0.000039, 0.000064, 0.00012, 0.000217, 0.000396, 0.00064, 0.00121, 0.00218, 0.004, 0.0073, 0.0116, 0.01684, 0.023, 0.0298,
0.038, 0.048, 0.06, 0.0739, 0.09098, 0.1126, 0.13902, 0.1693, 0.20802, 0.2586, 0.323, 0.4073, 0.503, 0.6082, 0.71, 0.7932, 0.862, 0.91485, 
0.954, 0.9803, 0.99495, 1, 0.995, 0.9786, 0.952, 0.9154, 0.87, 0.8163, 0.757, 0.6949, 0.631, 0.5668, 0.503, 0.4412, 0.381, 0.321, 0.265, 
0.217, 0.175, 0.1382, 0.107, 0.0816, 0.061, 0.04458, 0.032, 0.0232, 0.017, 0.01192, 0.00821, 0.005723, 0.004102, 0.002929, 0.002091, 
0.001484, 0.001047, 0.00074, 0.00052, 0.000361, 0.000249, 0.000172, 0.00012, 0.000085, 0.00006, 0.000042, 0.00003, 0.000021, 0.000015],

"z_cmf": [0.00645, 0.01055, 0.02005, 0.03621, 0.06785, 0.1102, 0.2074, 0.3713, 0.6456, 1.03905, 1.3856, 1.62296, 1.74706, 1.7826, 
1.77211, 1.7441, 1.6692, 1.5281, 1.28764, 1.0419, 0.81295, 0.6162, 0.46518, 0.3533, 0.272, 0.2123, 0.1582, 0.1117, 0.07825, 0.05725, 
0.04216, 0.02984, 0.0203, 0.0134, 0.00875, 0.00575, 0.0039, 0.00275, 0.0021, 0.0018, 0.00165, 0.0014, 0.0011, 0.001, 0.0008, 0.0006, 
0.00034, 0.00024, 0.00019, 0.0001, 0.00005, 0.00003, 0.00002, 0.00001, 0, 0, 0, 0, 0, 0, 0, 0, 0, 0, 0, 0, 0, 0, 0, 0, 0, 0, 0, 0, 
0, 0, 0, 0, 0, 0, 0],

"x": [0.17411, 0.17401, 0.1738, 0.17356, 0.17334, 0.17302, 0.17258, 0.17209, 0.17141, 0.1703, 0.16888, 0.1669, 0.16441, 0.1611, 
0.15664, 0.15099, 0.14396, 0.1355, 0.12412, 0.10959, 0.09129, 0.06871, 0.04539, 0.02346, 0.00817, 0.00386, 0.01387, 0.03885, 0.0743, 
0.11416, 0.15472, 0.19288, 0.22962, 0.26578, 0.3016, 0.33736, 0.3731, 0.40874, 0.4406, 0.47877, 0.51249, 0.54479, 0.57515, 0.60293, 
0.62704, 0.64823, 0.66576, 0.68008, 0.6915, 0.70061, 0.70792, 0.71403, 0.71903, 0.72303, 0.72599, 0.72827, 0.72997, 0.73109, 0.73199, 
0.73272, 0.73342, 0.73405, 0.73439, 0.73459, 0.73469, 0.73469, 0.73469, 0.73469, 0.73469, 0.73469, 0.73469, 0.73469, 0.73469, 0.73469, 
0.73469, 0.73469, 0.73469, 0.73469, 0.73469, 0.73469, 0.73469],

"y": [0.00496, 0.00498, 0.00492, 0.00492, 0.0048, 0.00478, 0.0048, 0.00483, 0.0051, 0.00579, 0.0069, 0.00856, 0.01086, 0.01379, 0.0177, 
0.02274, 0.0297, 0.03988, 0.0578, 0.08684, 0.1327, 0.20072, 0.29498, 0.4127, 0.53842, 0.65482, 0.75019, 0.81202, 0.8338, 0.82621, 0.80586, 
0.78163, 0.75433, 0.72432, 0.69231, 0.65885, 0.62445, 0.58961, 0.55471, 0.5202, 0.48659, 0.45443, 0.42423, 0.3965, 0.37249, 0.35139, 0.33401, 
0.31975, 0.30834, 0.2993, 0.29203, 0.28593, 0.28093, 0.27695, 0.27401, 0.27173, 0.27003, 0.26891, 0.26801, 0.26728, 0.26658, 0.26595, 0.26561, 
0.26541, 0.26531, 0.26531, 0.26531, 0.26531, 0.26531, 0.26531, 0.26531, 0.26531, 0.26531, 0.26531, 0.26531, 0.26531, 0.26531, 0.26531, 0.26531, 
0.26531, 0.26531]},

"10 observer": {

"Metadata": "CIE 015:2018. 11.1. Table 2. Colour-matching functions of the CIE 1964 standard colorimetric observer (pg.45-46)",

"lambda_nm_interval": 5, 

"lambda_nm_range": [380, 780],

"x_cmf": [0.00016, 0.000662, 0.002362, 0.007242, 0.01911, 0.0434, 0.084736, 0.140638, 0.204492, 0.264737, 0.314679, 0.357719, 0.383734, 
0.386726, 0.370702, 0.342957, 0.302273, 0.254085, 0.195618, 0.132349, 0.080507, 0.041072, 0.016172, 0.005132, 0.003816, 0.015444, 0.037465, 
0.071358, 0.117749, 0.172953, 0.236491, 0.304213, 0.376772, 0.451584, 0.529826, 0.616053, 0.705224, 0.793832, 0.878655, 0.951162, 1.01416, 
1.0743, 1.11852, 1.1343, 1.12399, 1.0891, 1.03048, 0.95074, 0.856297, 0.75493, 0.647467, 0.53511, 0.431567, 0.34369, 0.268329, 0.2043, 0.152568, 
0.11221, 0.081261, 0.05793, 0.040851, 0.028623, 0.019941, 0.013842, 0.009577, 0.006605, 0.004553, 0.003145, 0.002175, 0.001506, 0.001045, 
0.000727, 0.000508, 0.000356, 0.000251, 0.000178, 0.000126, 0.00009, 0.000065, 0.000046, 0.000033],

"y_cmf": [0.000017, 0.000072, 0.000253, 0.000769, 0.002004, 0.004509, 0.008756, 0.014456, 0.021391, 0.029497, 0.038676, 0.049602, 0.062077, 
0.074704, 0.089456, 0.106256, 0.128201, 0.152761, 0.18519, 0.21994, 0.253589, 0.297665, 0.339133, 0.395379, 0.460777, 0.53136, 0.606741, 0.68566, 
0.761757, 0.82333, 0.875211, 0.92381, 0.961988, 0.9822, 0.991761, 0.99911, 0.99734, 0.98238, 0.955552, 0.915175, 0.868934, 0.825623, 0.777405, 
0.720353, 0.658341, 0.593878, 0.527963, 0.461834, 0.398057, 0.339554, 0.283493, 0.228254, 0.179828, 0.140211, 0.107633, 0.081187, 0.060281, 
0.044096, 0.0318, 0.022602, 0.015905, 0.01113, 0.007749, 0.005375, 0.003718, 0.002565, 0.001768, 0.001222, 0.000846, 0.000586, 0.000407, 0.000284, 
0.000199, 0.00014, 0.000098, 0.00007, 0.00005, 0.000036, 0.000025, 0.000018, 0.000013],

"z_cmf": [0.000705,  0.002928, 0.010482, 0.032344, 0.086011, 0.19712, 0.389366, 0.65676, 0.972542, 1.2825, 1.55348, 1.7985, 1.96728, 2.0273, 
1.9948, 1.9007, 1.74537, 1.5549, 1.31756, 1.0302, 0.772125, 0.57006, 0.415254, 0.302356, 0.218502, 0.158249, 0.112044, 0.082248, 0.060709, 
0.04305, 0.030451, 0.020584, 0.013676, 0.007918, 0.003988, 0.001091, 0, 0, 0, 0, 0, 0, 0, 0, 0, 0, 0, 0, 0, 0, 0, 0, 0, 0, 0, 0, 0, 0, 0, 0, 0, 
0, 0, 0, 0, 0, 0, 0, 0, 0, 0, 0, 0, 0, 0, 0, 0, 0, 0, 0, 0],

"x": [0.18133, 0.18091, 0.18031, 0.17947, 0.17839, 0.17712, 0.17549, 0.17323, 0.17063, 0.1679, 0.16503, 0.16217, 0.15902, 0.15539, 0.151, 
0.14594, 0.13892, 0.12952, 0.11518, 0.09573, 0.07278, 0.04519, 0.02099, 0.0073, 0.00559, 0.02187, 0.04954, 0.08502, 0.12524, 0.16641, 0.20706, 
0.24364, 0.27859, 0.31323, 0.3473, 0.38116, 0.41421, 0.44692, 0.47904, 0.50964, 0.53856, 0.56544, 0.58996, 0.6116, 0.63063, 0.64713, 0.66122, 
0.67306, 0.68266, 0.68976, 0.69548, 0.70099, 0.70587, 0.71025, 0.71371, 0.71562, 0.71679, 0.71789, 0.71873, 0.71934, 0.71976, 0.72002, 0.72016,
0.7203, 0.72036, 0.72032, 0.72023, 0.72009, 0.71991, 0.71969, 0.71945, 0.71919, 0.71891, 0.71861, 0.71829, 0.71796, 0.71761, 0.71724, 0.71686, 
0.71646, 0.71606],

"y": [0.01969, 0.01954, 0.01935, 0.01904, 0.01871, 0.0184, 0.01813, 0.01781, 0.01785, 0.01871, 0.02028, 0.02249, 0.02573, 0.03002, 0.03644, 
0.04522, 0.05892, 0.07787, 0.10904, 0.15909, 0.22924, 0.32754, 0.44011, 0.56252, 0.67454, 0.75258, 0.8023, 0.81698, 0.81019, 0.79217, 0.76628, 
0.73987, 0.7113, 0.68128, 0.65009, 0.61816, 0.58579, 0.55308, 0.52096, 0.49036, 0.46144, 0.43456, 0.41004, 0.3884, 0.36937, 0.35287,  0.33878, 
0.32694, 0.31734, 0.31024, 0.30452, 0.29901, 0.29413, 0.28975, 0.28629, 0.28438, 0.28321, 0.28211, 0.28127, 0.28066, 0.28024, 0.27998, 0.27984, 
0.2797, 0.27964, 0.27968, 0.27977, 0.27991, 0.28009, 0.28031, 0.28055, 0.28081, 0.28109, 0.28139, 0.28171, 0.28204, 0.28239, 0.28276, 0.28314,
0.28354, 0.28394]}
}