{
"2 observer": {
 
"Metadata": "CIE 015:2018. 11.1. Table 3. Cone-fundamental-based tristimulus functions for 2ยบ field size (pg.47-48)",

"lambda_nm_interval": 5, 

"lambda_nm_range": [390, 780], 

"xf_cmf": [0.00377, 0.009383, 0.022143, 0.04743, 0.089538, 0.144621, 0.203573, 0.248852, 0.291825, 0.322709, 0.348255,
0.341848, 0.322464, 0.282665, 0.248525, 0.221978, 0.180691, 0.129192, 0.081829, 0.046009, 0.02084, 0.007098, 0.002462, 
0.003649, 0.01557, 0.043152, 0.079629, 0.126847, 0.181803, 0.240502, 0.309812, 0.380424, 0.449421, 0.528023, 0.613378,
0.701677, 0.796775, 0.885338, 0.963839, 1.051011, 1.109767, 1.14362, 1.151033, 1.134757, 1.083928, 1.007344, 0.914288,
0.813557, 0.692472, 0.575541, 0.473122, 0.384499, 0.299737, 0.227779, 0.170791, 0.126381, 0.092246, 0.0664, 0.047106,
0.032921, 0.022623, 0.015754, 0.010968, 0.007609, 0.005215, 0.003569, 0.002465, 0.001704, 0.001186, 0.000827, 0.000576,
0.000406, 0.000286, 0.000202, 0.000144, 0.000102, 0.000073, 0.000053, 0.000038],

"yf_cmf": [0.000415, 0.00106, 0.002452, 0.004972, 0.00908, 0.014294, 0.020274, 0.026121, 0.03319, 0.041579, 0.050337,
0.057434, 0.064724, 0.072383, 0.085148, 0.106015, 0.129896, 0.153507, 0.178805, 0.206483, 0.237916, 0.285068, 0.348354, 
0.42776, 0.520497, 0.620626, 0.718089, 0.794645, 0.85758, 0.907135, 0.954468, 0.981411, 0.989023, 0.999461, 0.996774,
0.990255, 0.973261, 0.942457, 0.896361, 0.85872, 0.811587, 0.754479, 0.691855, 0.627007, 0.558375, 0.489595, 0.42299,
0.360925, 0.298087, 0.24169, 0.194312, 0.15474, 0.119312, 0.089796, 0.06671, 0.048997, 0.0356, 0.025542, 0.018079,
0.012616, 0.008661, 0.006028, 0.004196, 0.002911, 0.001996, 0.001367, 0.000945, 0.000654, 0.000456, 0.000318,
0.000222, 0.000157, 0.00011, 0.000078, 0.000056, 0.00004, 0.000029, 0.000021, 0.000015],

"zf_cmf": [0.018473, 0.046098, 0.109609, 0.236925, 0.450837, 0.737882, 1.051821, 1.305008, 1.552826, 1.74828, 1.917479,
1.918437, 1.848545, 1.664439, 1.522157, 1.42844, 1.25061, 0.999179, 0.755238, 0.561731, 0.409931, 0.310594,  0.237675,
0.172002, 0.11768, 0.082835, 0.056504, 0.037519, 0.024382, 0.015662, 0.009846, 0.006131, 0.00379, 0.002327, 0.001432,
0.000882, 0.000545, 0.000339, 0.000212, 0.000134, 0.000085, 0.000055, 0.000035, 0.000023, 0.000016, 0.00001, 0, 0, 0,
0, 0, 0, 0, 0, 0, 0, 0, 0, 0, 0, 0, 0, 0, 0, 0, 0, 0, 0, 0, 0, 0, 0, 0, 0, 0, 0, 0, 0, 0],

"x": [0.16638, 0.16595, 0.16499, 0.16393, 0.16296, 0.16126, 0.15958, 0.1575, 0.1554, 0.15276, 0.15036, 0.14749,
0.14423, 0.13997, 0.13392, 0.12638, 0.11574, 0.10078, 0.08055, 0.05651, 0.03117, 0.01178, 0.00418, 0.00605, 0.02382,
0.0578, 0.09322, 0.13227, 0.1709, 0.20674, 0.24316, 0.27809, 0.31161, 0.34516, 0.38061, 0.4145, 0.45001, 0.48429,
0.51808, 0.55031, 0.57757, 0.60249, 0.62457, 0.64409, 0.66, 0.57293, 0.68369, 0.69269, 0.69907, 0.70426, 0.70887,
0.71304, 0.71528, 0.71725, 0.71912, 0.72062, 0.72154, 0.72219, 0.72265, 0.72296, 0.72314, 0.72327, 0.72329, 0.72329,
0.72323, 0.72308, 0.72292, 0.72272, 0.72251, 0.72228, 0.72198, 0.72162, 0.72127, 0.72091, 0.72052, 0.72015, 0.7198,
0.71943, 0.71904],

"y": [0.0183, 0.01874, 0.01827, 0.01718, 0.01653, 0.01594, 0.01589, 0.01653, 0.01767, 0.01968, 0.02173, 0.02478,
0.02895, 0.03584, 0.04588, 0.06036, 0.0832, 0.11975, 0.17601, 0.25359, 0.3558, 0.47294, 0.59194, 0.7089, 0.79618, 
0.83125, 0.84063, 0.82861, 0.80617, 0.7798, 0.74912, 0.71742, 0.68576, 0.65332, 0.61851, 0.58498, 0.54968, 0.51553,
0.48181, 0.44962, 0.42238, 0.39748, 0.37541, 0.35589, 0.33999, 0.32706, 0.31631, 0.30731, 0.30093, 0.29574, 0.29113,
0.28696, 0.28472, 0.28275, 0.28088, 0.27938, 0.27846, 0.27781, 0.27735, 0.27704, 0.27686, 0.27673, 0.27671, 0.27671,
0.27677, 0.27692, 0.27708, 0.27728, 0.27749, 0.27772, 0.27802, 0.27838, 0.27873, 0.27909, 0.27948, 0.27985, 0.2802,
0.28057, 0.28096]},

"10 observer": {

"Metadata": "CIE 015:2018. 11.1. Table 4. Cone-fundamental-based tristimulus functions for 10ยบ field size (pg.49-50)",

"lambda_nm_interval": 5, 

"lambda_nm_range": [390, 780],

"xf_cmf": [0.002952, 0.007641, 0.018793, 0.04205, 0.082773, 0.139513, 0.207765, 0.268899, 0.32818, 0.369308, 0.402619,
0.404253, 0.393214, 0.348221, 0.301311, 0.253422, 0.191418, 0.128317, 0.075931, 0.038368, 0.014007, 0.003447, 0.005652,
0.01562, 0.037782, 0.075389, 0.120151, 0.175683, 0.238025, 0.304699, 0.384186, 0.463311, 0.537417, 0.623089, 0.712385,
0.801628, 0.893341, 0.97213, 1.034327, 1.106886, 1.147304, 1.160477, 1.148163, 1.113846, 1.048485, 0.961711, 0.862958,
0.76035, 0.641398, 0.529098, 0.432313, 0.349636, 0.27149, 0.205651, 0.153816, 0.113607, 0.08281, 0.059548, 0.042215,
0.029488, 0.020256, 0.014102, 0.009816, 0.006809, 0.004666, 0.003194, 0.002206, 0.001525, 0.001061, 0.00074, 0.000515,
0.000363, 0.000256, 0.000181, 0.000129, 0.000092, 0.000066, 0.000047, 0.000034],

"yf_cmf": [0.000408, 0.001078, 0.00259, 0.005474, 0.010413, 0.01713, 0.025761, 0.035296, 0.046982, 0.060474, 0.074683,
0.088205, 0.103903, 0.119539, 0.141459, 0.170137, 0.199986, 0.231243, 0.268227, 0.310944, 0.355402, 0.414823, 0.478048,
0.549134, 0.62483, 0.701229, 0.77882, 0.837636, 0.882955, 0.923386, 0.966533, 0.988689, 0.99075, 0.999778, 0.99443,
0.984813, 0.964055, 0.92865, 0.877536, 0.837084, 0.786995, 0.727231, 0.662904, 0.597038, 0.52823, 0.460131, 0.395076,
0.335179, 0.275181, 0.221956, 0.177688, 0.14102, 0.1084, 0.081377, 0.06034, 0.044254, 0.032119, 0.023026, 0.016288,
0.011361, 0.007797, 0.005425, 0.003776, 0.002619, 0.001796, 0.00123, 0.00085, 0.000588, 0.00041, 0.000286, 0.000199,
0.000141, 0.000099, 0.00007, 0.00005, 0.000036, 0.000026, 0.000018, 0.000013],

"zf_cmf": [0.013188, 0.034246, 0.085083, 0.192707, 0.383282, 0.656819, 0.993344, 1.308674, 1.62494, 1.867751, 2.075946,
2.132574, 2.128264, 1.946651, 1.76844, 1.582342, 1.310576, 1.010952, 0.751639, 0.554962, 0.397811, 0.290582, 0.207816, 
0.139464, 0.088524, 0.058245, 0.037849, 0.024314, 0.015395, 0.009753, 0.006083, 0.003769, 0.002324, 0.001427,
0.000878, 0.000541, 0.000334, 0.000208, 0.00013, 0.000082, 0.000052, 0.000033, 0.000022, 0.000014, 0.00001, 0.000006,
0, 0, 0, 0, 0, 0, 0, 0, 0, 0, 0, 0, 0, 0, 0, 0, 0, 0, 0, 0, 0, 0, 0, 0, 0, 0, 0, 0, 0, 0, 0, 0, 0],

"x": [0.17842, 0.17784, 0.17652, 0.17504, 0.17372, 0.17151, 0.16935, 0.16672, 0.16408, 0.16074, 0.15769, 0.154,
0.14977, 0.14423, 0.13627, 0.12634, 0.11247, 0.09363, 0.06929, 0.04243, 0.01826, 0.00486, 0.00817, 0.02218, 0.0503,
0.0903, 0.12825, 0.16931, 0.20946, 0.24615, 0.28316, 0.31826, 0.35114, 0.38361, 0.41716, 0.44859, 0.48088, 0.51138,
0.54097, 0.56937, 0.59312, 0.61474, 0.63396, 0.65103, 0.66498, 0.67638, 0.68596, 0.69405, 0.69977, 0.70447, 0.70871,
0.71259, 0.71465, 0.71648, 0.71824, 0.71967, 0.72054, 0.72115, 0.72158, 0.72187, 0.72205, 0.72217, 0.72219, 0.72219,
0.72213, 0.72198, 0.72182, 0.72163, 0.72142, 0.7212, 0.72091, 0.72057, 0.72022, 0.71988, 0.7195, 0.71915, 0.71881,
0.71845, 0.71807],

"y": [0.02464, 0.02509, 0.02432, 0.02279, 0.02185, 0.02106, 0.21, 0.02188, 0.02349, 0.02632, 0.02925, 0.0336, 0.03958,
0.04951, 0.06397, 0.08482, 0.1175, 0.16873, 0.24478, 0.34386, 0.46323, 0.5852, 0.6913, 0.77978, 0.83185, 0.83993,
0.83134, 0.80726, 0.77699, 0.74597, 0.71236, 0.67915, 0.64734, 0.61552, 0.58232, 0.5511, 0.51894, 0.48851, 0.45896,
0.43059, 0.40685, 0.38524, 0.36602, 0.34896, 0.33502, 0.32361, 0.31404, 0.30595, 0.30023, 0.29553, 0.29129, 0.28741,
0.28535, 0.28352, 0.28176, 0.28033, 0.27946, 0.27885, 0.27842, 0.27813, 0.27795, 0.27783, 0.27781, 0.27781, 0.27787,
0.27802, 0.27818, 0.27837, 0.27858, 0.2788, 0.27909, 0.27943, 0.27978, 0.28012, 0.2805, 0.28085, 0.28119, 0.28155,
0.28193]}
}