{
"A1": [11.3116861299, 10.2886174806, 7.01505571903],
"A2": [37.2167567809, 34.5020397263, 25.2071612759],
"A3": [17.6415838411, 18.88247015, 34.0990221177],
"A4": [10.6279021518, 13.4084600021, 7.110250359],
"A5": [25.1739785963, 23.8185461658, 44.5723753258],
"A6": [31.1360460216, 42.7717358557, 45.4618720231],
"B1": [36.4053240634, 29.207257092, 6.55706347874],
"B2": [13.4997007812, 11.9790184311, 37.6369446057],
"B3": [28.0484236821, 18.9688159571, 13.7622867172],
"B4": [8.91134953144, 6.87281379461, 14.8878738814],
"B5": [33.4316312817, 43.7394101504, 11.7178053187],
"B6": [44.0552680196, 41.2747199403, 8.24118700406],
"C1": [7.6413747267, 6.18401188968, 26.2502829895],
"C2": [14.803431546, 23.5811022748, 10.2912256331],
"C3": [19.887537955, 11.7003493539, 5.10489787605],
"C4": [54.6782981509, 57.9166071505, 9.25151402332],
"C5": [29.6728443991, 19.5612851962, 31.3565308605],
"C6": [15.1348263332, 20.3722331023, 40.4688707541],
"D1": [82.5634945953, 87.3591337079, 89.3602025441],
"D2": [55.3001379981, 58.5086601203, 63.30909031],
"D3": [35.2961320343, 37.2681589856, 40.530595967],
"D4": [18.0291683689, 19.1801885705, 21.2166071106],
"D5": [8.72769902391, 9.25506220856, 10.2981277392],
"D6": [3.14946272623, 3.32254092099, 3.74555107196]
}